{
  "mean": [
    0.04263285920023918,
    0.03172276169061661,
    -0.14981894195079803,
    -0.0016024528304114938,
    0.024764910340309143,
    0.026823265478014946
  ],
  "std": [
    0.3990113437175751,
    0.35247179865837097,
    0.48758235573768616,
    0.05607966333627701,
    0.07851522415876389,
    0.09865100681781769
  ],
  "recall_threshold": 0.48253723978996277
}