{
  "mean": [
    0.05197353661060333,
    0.04840526357293129,
    -0.28431665897369385,
    -0.04068542271852493,
    0.035924024879932404,
    0.11056388169527054
  ],
  "std": [
    0.2918621301651001,
    0.4121174216270447,
    0.34998393058776855,
    0.06693938374519348,
    0.10161271691322327,
    0.11206590384244919
  ],
  "recall_threshold": 0.3779706656932831
}